{"nm":"Frame 1","ddd":0,"h":254,"w":254,"meta":{"g":"LottieFiles Figma v42"},"layers":[{"ty":4,"nm":"Vector 1","sr":1,"st":0,"op":166,"ip":0,"hd":false,"ddd":0,"bm":0,"hasMask":false,"ao":0,"ks":{"a":{"a":1,"k":[{"o":{"x":0,"y":0},"i":{"x":0.58,"y":1},"s":[128,19],"t":0},{"o":{"x":0,"y":0},"i":{"x":0.58,"y":1},"s":[128,19],"t":15},{"o":{"x":0,"y":0},"i":{"x":0.58,"y":1},"s":[128,19],"t":30},{"o":{"x":0,"y":0},"i":{"x":0.58,"y":1},"s":[128,19],"t":45},{"o":{"x":0,"y":0},"i":{"x":0.58,"y":1},"s":[128,19],"t":60},{"o":{"x":0,"y":0},"i":{"x":0.58,"y":1},"s":[128,19],"t":75},{"o":{"x":0,"y":0},"i":{"x":0.58,"y":1},"s":[128,19],"t":90},{"o":{"x":0,"y":0},"i":{"x":0.58,"y":1},"s":[128,19],"t":105},{"o":{"x":0,"y":0},"i":{"x":0.58,"y":1},"s":[128,19],"t":120},{"o":{"x":0,"y":0},"i":{"x":0.58,"y":1},"s":[128,19],"t":135},{"o":{"x":0,"y":0},"i":{"x":0.58,"y":1},"s":[128,19],"t":150},{"s":[128,19],"t":165}]},"s":{"a":1,"k":[{"o":{"x":0,"y":0},"i":{"x":0.58,"y":1},"s":[100,100],"t":0},{"o":{"x":0,"y":0},"i":{"x":0.58,"y":1},"s":[100,100],"t":15},{"o":{"x":0,"y":0},"i":{"x":0.58,"y":1},"s":[100,100],"t":30},{"o":{"x":0,"y":0},"i":{"x":0.58,"y":1},"s":[100,100],"t":45},{"o":{"x":0,"y":0},"i":{"x":0.58,"y":1},"s":[100,100],"t":60},{"o":{"x":0,"y":0},"i":{"x":0.58,"y":1},"s":[100,100],"t":75},{"o":{"x":0,"y":0},"i":{"x":0.58,"y":1},"s":[100,100],"t":90},{"o":{"x":0,"y":0},"i":{"x":0.58,"y":1},"s":[100,100],"t":105},{"o":{"x":0,"y":0},"i":{"x":0.58,"y":1},"s":[100,100],"t":120},{"o":{"x":0,"y":0},"i":{"x":0.58,"y":1},"s":[100,100],"t":135},{"o":{"x":0,"y":0},"i":{"x":0.58,"y":1},"s":[100,100],"t":150},{"s":[100,100],"t":165}]},"sk":{"a":0,"k":0},"p":{"a":1,"k":[{"o":{"x":0,"y":0},"i":{"x":0.58,"y":1},"s":[127,235],"t":0},{"o":{"x":0,"y":0},"i":{"x":0.58,"y":1},"s":[127,235],"t":15},{"o":{"x":0,"y":0},"i":{"x":0.58,"y":1},"s":[127,235],"t":30},{"o":{"x":0,"y":0},"i":{"x":0.58,"y":1},"s":[127,235],"t":45},{"o":{"x":0,"y":0},"i":{"x":0.58,"y":1},"s":[127,235],"t":60},{"o":{"x":0,"y":0},"i":{"x":0.58,"y":1},"s":[127,235],"t":75},{"o":{"x":0,"y":0},"i":{"x":0.58,"y":1},"s":[127,235],"t":90},{"o":{"x":0,"y":0},"i":{"x":0.58,"y":1},"s":[127,235],"t":105},{"o":{"x":0,"y":0},"i":{"x":0.58,"y":1},"s":[127,235],"t":120},{"o":{"x":0,"y":0},"i":{"x":0.58,"y":1},"s":[127,235],"t":135},{"o":{"x":0,"y":0},"i":{"x":0.58,"y":1},"s":[127,235],"t":150},{"s":[127,235],"t":165}]},"r":{"a":1,"k":[{"o":{"x":0,"y":0},"i":{"x":0.58,"y":1},"s":[0],"t":0},{"o":{"x":0,"y":0},"i":{"x":0.58,"y":1},"s":[0],"t":15},{"o":{"x":0,"y":0},"i":{"x":0.58,"y":1},"s":[0],"t":30},{"o":{"x":0,"y":0},"i":{"x":0.58,"y":1},"s":[0],"t":45},{"o":{"x":0,"y":0},"i":{"x":0.58,"y":1},"s":[0],"t":60},{"o":{"x":0,"y":0},"i":{"x":0.58,"y":1},"s":[0],"t":75},{"o":{"x":0,"y":0},"i":{"x":0.58,"y":1},"s":[0],"t":90},{"o":{"x":0,"y":0},"i":{"x":0.58,"y":1},"s":[0],"t":105},{"o":{"x":0,"y":0},"i":{"x":0.58,"y":1},"s":[0],"t":120},{"o":{"x":0,"y":0},"i":{"x":0.58,"y":1},"s":[0],"t":135},{"o":{"x":0,"y":0},"i":{"x":0.58,"y":1},"s":[0],"t":150},{"s":[0],"t":165}]},"sa":{"a":0,"k":0},"o":{"a":1,"k":[{"o":{"x":0,"y":0},"i":{"x":0.58,"y":1},"s":[100],"t":0},{"o":{"x":0,"y":0},"i":{"x":0.58,"y":1},"s":[100],"t":15},{"o":{"x":0,"y":0},"i":{"x":0.58,"y":1},"s":[100],"t":30},{"o":{"x":0,"y":0},"i":{"x":0.58,"y":1},"s":[100],"t":45},{"o":{"x":0,"y":0},"i":{"x":0.58,"y":1},"s":[100],"t":60},{"o":{"x":0,"y":0},"i":{"x":0.58,"y":1},"s":[100],"t":75},{"o":{"x":0,"y":0},"i":{"x":0.58,"y":1},"s":[100],"t":90},{"o":{"x":0,"y":0},"i":{"x":0.58,"y":1},"s":[100],"t":105},{"o":{"x":0,"y":0},"i":{"x":0.58,"y":1},"s":[100],"t":120},{"o":{"x":0,"y":0},"i":{"x":0.58,"y":1},"s":[100],"t":135},{"o":{"x":0,"y":0},"i":{"x":0.58,"y":1},"s":[100],"t":150},{"s":[100],"t":165}]}},"shapes":[{"ty":"sh","bm":0,"hd":false,"nm":"","d":1,"ks":{"a":1,"k":[{"o":{"x":0,"y":0},"i":{"x":0.58,"y":1},"s":[{"c":true,"i":[[0,0],[-99.41,19.03],[0,0],[99.97,0],[0,0]],"o":[[100.55,19.29],[0,0],[-99.97,0],[0,0],[0,0]],"v":[[0,0],[256,0],[256,38],[0,38],[0,0]]}],"t":0},{"o":{"x":0,"y":0},"i":{"x":0.58,"y":1},"s":[{"c":true,"i":[[0,0],[-99.41,19.03],[0,0],[99.97,0],[0,0]],"o":[[100.55,19.29],[0,0],[-99.97,0],[0,0],[0,0]],"v":[[0,0],[256,0],[256,38],[0,38],[0,0]]}],"t":15},{"o":{"x":0,"y":0},"i":{"x":0.58,"y":1},"s":[{"c":true,"i":[[0,0],[-99.41,19.03],[0,0],[99.97,0],[0,0]],"o":[[100.55,19.29],[0,0],[-99.97,0],[0,0],[0,0]],"v":[[0,0],[256,0],[256,38],[0,38],[0,0]]}],"t":30},{"o":{"x":0,"y":0},"i":{"x":0.58,"y":1},"s":[{"c":true,"i":[[0,0],[-99.41,19.03],[0,0],[99.97,0],[0,0]],"o":[[100.55,19.29],[0,0],[-99.97,0],[0,0],[0,0]],"v":[[0,0],[256,0],[256,38],[0,38],[0,0]]}],"t":45},{"o":{"x":0,"y":0},"i":{"x":0.58,"y":1},"s":[{"c":true,"i":[[0,0],[-99.41,19.03],[0,0],[99.97,0],[0,0]],"o":[[100.55,19.29],[0,0],[-99.97,0],[0,0],[0,0]],"v":[[0,0],[256,0],[256,38],[0,38],[0,0]]}],"t":60},{"o":{"x":0,"y":0},"i":{"x":0.58,"y":1},"s":[{"c":true,"i":[[0,0],[-99.41,19.03],[0,0],[99.97,0],[0,0]],"o":[[100.55,19.29],[0,0],[-99.97,0],[0,0],[0,0]],"v":[[0,0],[256,0],[256,38],[0,38],[0,0]]}],"t":75},{"o":{"x":0,"y":0},"i":{"x":0.58,"y":1},"s":[{"c":true,"i":[[0,0],[-99.41,19.03],[0,0],[99.97,0],[0,0]],"o":[[100.55,19.29],[0,0],[-99.97,0],[0,0],[0,0]],"v":[[0,0],[256,0],[256,38],[0,38],[0,0]]}],"t":90},{"o":{"x":0,"y":0},"i":{"x":0.58,"y":1},"s":[{"c":true,"i":[[0,0],[-99.41,19.03],[0,0],[99.97,0],[0,0]],"o":[[100.55,19.29],[0,0],[-99.97,0],[0,0],[0,0]],"v":[[0,0],[256,0],[256,38],[0,38],[0,0]]}],"t":105},{"o":{"x":0,"y":0},"i":{"x":0.58,"y":1},"s":[{"c":true,"i":[[0,0],[-99.41,19.03],[0,0],[99.97,0],[0,0]],"o":[[100.55,19.29],[0,0],[-99.97,0],[0,0],[0,0]],"v":[[0,0],[256,0],[256,38],[0,38],[0,0]]}],"t":120},{"o":{"x":0,"y":0},"i":{"x":0.58,"y":1},"s":[{"c":true,"i":[[0,0],[-99.41,19.03],[0,0],[99.97,0],[0,0]],"o":[[100.55,19.29],[0,0],[-99.97,0],[0,0],[0,0]],"v":[[0,0],[256,0],[256,38],[0,38],[0,0]]}],"t":135},{"o":{"x":0,"y":0},"i":{"x":0.58,"y":1},"s":[{"c":true,"i":[[0,0],[-99.41,19.03],[0,0],[99.97,0],[0,0]],"o":[[100.55,19.29],[0,0],[-99.97,0],[0,0],[0,0]],"v":[[0,0],[256,0],[256,38],[0,38],[0,0]]}],"t":150},{"s":[{"c":true,"i":[[0,0],[-99.41,19.03],[0,0],[99.97,0],[0,0]],"o":[[100.55,19.29],[0,0],[-99.97,0],[0,0],[0,0]],"v":[[0,0],[256,0],[256,38],[0,38],[0,0]]}],"t":165}]}},{"ty":"fl","bm":0,"hd":false,"nm":"","c":{"a":1,"k":[{"o":{"x":0,"y":0},"i":{"x":0.58,"y":1},"s":[1,1,1],"t":0},{"o":{"x":0,"y":0},"i":{"x":0.58,"y":1},"s":[1,1,1],"t":15},{"o":{"x":0,"y":0},"i":{"x":0.58,"y":1},"s":[1,1,1],"t":30},{"o":{"x":0,"y":0},"i":{"x":0.58,"y":1},"s":[1,1,1],"t":45},{"o":{"x":0,"y":0},"i":{"x":0.58,"y":1},"s":[1,1,1],"t":60},{"o":{"x":0,"y":0},"i":{"x":0.58,"y":1},"s":[1,1,1],"t":75},{"o":{"x":0,"y":0},"i":{"x":0.58,"y":1},"s":[1,1,1],"t":90},{"o":{"x":0,"y":0},"i":{"x":0.58,"y":1},"s":[1,1,1],"t":105},{"o":{"x":0,"y":0},"i":{"x":0.58,"y":1},"s":[1,1,1],"t":120},{"o":{"x":0,"y":0},"i":{"x":0.58,"y":1},"s":[1,1,1],"t":135},{"o":{"x":0,"y":0},"i":{"x":0.58,"y":1},"s":[1,1,1],"t":150},{"s":[1,1,1],"t":165}]},"r":1,"o":{"a":1,"k":[{"o":{"x":0,"y":0},"i":{"x":0.58,"y":1},"s":[100],"t":0},{"o":{"x":0,"y":0},"i":{"x":0.58,"y":1},"s":[100],"t":15},{"o":{"x":0,"y":0},"i":{"x":0.58,"y":1},"s":[100],"t":30},{"o":{"x":0,"y":0},"i":{"x":0.58,"y":1},"s":[100],"t":45},{"o":{"x":0,"y":0},"i":{"x":0.58,"y":1},"s":[100],"t":60},{"o":{"x":0,"y":0},"i":{"x":0.58,"y":1},"s":[100],"t":75},{"o":{"x":0,"y":0},"i":{"x":0.58,"y":1},"s":[100],"t":90},{"o":{"x":0,"y":0},"i":{"x":0.58,"y":1},"s":[100],"t":105},{"o":{"x":0,"y":0},"i":{"x":0.58,"y":1},"s":[100],"t":120},{"o":{"x":0,"y":0},"i":{"x":0.58,"y":1},"s":[100],"t":135},{"o":{"x":0,"y":0},"i":{"x":0.58,"y":1},"s":[100],"t":150},{"s":[100],"t":165}]}}],"ind":1},{"ty":4,"nm":"Vector","sr":1,"st":0,"op":166,"ip":0,"hd":false,"ddd":0,"bm":0,"hasMask":false,"ao":0,"ks":{"a":{"a":1,"k":[{"o":{"x":0,"y":0},"i":{"x":0.58,"y":1},"s":[60.54,60.43],"t":0},{"o":{"x":0,"y":0},"i":{"x":0.58,"y":1},"s":[60.54,60.43],"t":15},{"o":{"x":0,"y":0},"i":{"x":0.58,"y":1},"s":[60.54,60.43],"t":30},{"o":{"x":0,"y":0},"i":{"x":0.58,"y":1},"s":[60.5,96.5],"t":45},{"o":{"x":0,"y":0},"i":{"x":0.58,"y":1},"s":[60.5,56],"t":60},{"o":{"x":0,"y":0},"i":{"x":0.58,"y":1},"s":[60.5,63],"t":75},{"o":{"x":0,"y":0},"i":{"x":0.58,"y":1},"s":[60.5,63],"t":90},{"o":{"x":0,"y":0},"i":{"x":0.58,"y":1},"s":[60.5,63],"t":105},{"o":{"x":0,"y":0},"i":{"x":0.58,"y":1},"s":[60.5,63],"t":120},{"o":{"x":0,"y":0},"i":{"x":0.58,"y":1},"s":[60.5,79.5],"t":135},{"o":{"x":0,"y":0},"i":{"x":0.58,"y":1},"s":[60.5,79.5],"t":150},{"s":[60.5,79.5],"t":165}]},"s":{"a":1,"k":[{"o":{"x":0,"y":0},"i":{"x":0.58,"y":1},"s":[100,100],"t":0},{"o":{"x":0,"y":0},"i":{"x":0.58,"y":1},"s":[100,100],"t":15},{"o":{"x":0,"y":0},"i":{"x":0.58,"y":1},"s":[100,100],"t":30},{"o":{"x":0,"y":0},"i":{"x":0.58,"y":1},"s":[100,100],"t":45},{"o":{"x":0,"y":0},"i":{"x":0.58,"y":1},"s":[100,100],"t":60},{"o":{"x":0,"y":0},"i":{"x":0.58,"y":1},"s":[100,100],"t":75},{"o":{"x":0,"y":0},"i":{"x":0.58,"y":1},"s":[100,100],"t":90},{"o":{"x":0,"y":0},"i":{"x":0.58,"y":1},"s":[100,100],"t":105},{"o":{"x":0,"y":0},"i":{"x":0.58,"y":1},"s":[100,100],"t":120},{"o":{"x":0,"y":0},"i":{"x":0.58,"y":1},"s":[100,100],"t":135},{"o":{"x":0,"y":0},"i":{"x":0.58,"y":1},"s":[100,100],"t":150},{"s":[100,100],"t":165}]},"sk":{"a":0,"k":0},"p":{"a":1,"k":[{"o":{"x":0,"y":0},"i":{"x":0.58,"y":1},"s":[126.54,294.43],"t":0},{"o":{"x":0,"y":0},"i":{"x":0.58,"y":1},"s":[126.54,294.43],"t":15},{"o":{"x":0,"y":0},"i":{"x":0.58,"y":1},"s":[126.54,274.43],"t":30},{"o":{"x":0,"y":0},"i":{"x":0.58,"y":1},"s":[126.5,122.5],"t":45},{"o":{"x":0,"y":0},"i":{"x":0.58,"y":1},"s":[126.5,82],"t":60},{"o":{"x":0,"y":0},"i":{"x":0.58,"y":1},"s":[126.5,89],"t":75},{"o":{"x":0,"y":0},"i":{"x":0.58,"y":1},"s":[91.74,81.51],"t":90},{"o":{"x":0,"y":0},"i":{"x":0.58,"y":1},"s":[162.74,81.51],"t":105},{"o":{"x":0,"y":0},"i":{"x":0.58,"y":1},"s":[127.5,120],"t":120},{"o":{"x":0,"y":0},"i":{"x":0.58,"y":1},"s":[127.5,162.5],"t":135},{"o":{"x":0,"y":0},"i":{"x":0.58,"y":1},"s":[127.5,309.5],"t":150},{"s":[127.5,309.5],"t":165}]},"r":{"a":1,"k":[{"o":{"x":0,"y":0},"i":{"x":0.58,"y":1},"s":[0],"t":0},{"o":{"x":0,"y":0},"i":{"x":0.58,"y":1},"s":[0],"t":15},{"o":{"x":0,"y":0},"i":{"x":0.58,"y":1},"s":[0],"t":30},{"o":{"x":0,"y":0},"i":{"x":0.58,"y":1},"s":[0],"t":45},{"o":{"x":0,"y":0},"i":{"x":0.58,"y":1},"s":[0],"t":60},{"o":{"x":0,"y":0},"i":{"x":0.58,"y":1},"s":[0],"t":75},{"o":{"x":0,"y":0},"i":{"x":0.58,"y":1},"s":[-15],"t":90},{"o":{"x":0,"y":0},"i":{"x":0.58,"y":1},"s":[15],"t":105},{"o":{"x":0,"y":0},"i":{"x":0.58,"y":1},"s":[0],"t":120},{"o":{"x":0,"y":0},"i":{"x":0.58,"y":1},"s":[0],"t":135},{"o":{"x":0,"y":0},"i":{"x":0.58,"y":1},"s":[0],"t":150},{"s":[0],"t":165}]},"sa":{"a":0,"k":0},"o":{"a":1,"k":[{"o":{"x":0,"y":0},"i":{"x":0.58,"y":1},"s":[100],"t":0},{"o":{"x":0,"y":0},"i":{"x":0.58,"y":1},"s":[100],"t":15},{"o":{"x":0,"y":0},"i":{"x":0.58,"y":1},"s":[100],"t":30},{"o":{"x":0,"y":0},"i":{"x":0.58,"y":1},"s":[100],"t":45},{"o":{"x":0,"y":0},"i":{"x":0.58,"y":1},"s":[100],"t":60},{"o":{"x":0,"y":0},"i":{"x":0.58,"y":1},"s":[100],"t":75},{"o":{"x":0,"y":0},"i":{"x":0.58,"y":1},"s":[100],"t":90},{"o":{"x":0,"y":0},"i":{"x":0.58,"y":1},"s":[100],"t":105},{"o":{"x":0,"y":0},"i":{"x":0.58,"y":1},"s":[100],"t":120},{"o":{"x":0,"y":0},"i":{"x":0.58,"y":1},"s":[100],"t":135},{"o":{"x":0,"y":0},"i":{"x":0.58,"y":1},"s":[100],"t":150},{"s":[100],"t":165}]}},"shapes":[{"ty":"sh","bm":0,"hd":false,"nm":"","d":1,"ks":{"a":1,"k":[{"o":{"x":0,"y":0},"i":{"x":0.58,"y":1},"s":[{"c":true,"i":[[0,0],[0,-33.83],[0,0],[-5.56,5.07],[0,0],[-2.24,-2.05],[0,0],[-2.24,2.05],[0,0],[-2.24,-2.05],[0,0],[-2.24,2.05],[0,0],[-2.24,-2.05],[0,0],[0,7.61],[0,0],[33.23,0]],"o":[[-33.23,0],[0,0],[0,7.61],[0,0],[2.24,-2.05],[0,0],[2.24,2.05],[0,0],[2.24,-2.05],[0,0],[2.24,2.05],[0,0],[2.24,-2.05],[0,0],[5.56,5.07],[0,0],[-0.24,-33.83],[0,0]],"v":[[60.42,0],[0,61.5],[0,109.17],[10.09,113.76],[16.13,108.27],[24.23,108.27],[36.31,119.32],[44.41,119.32],[56.49,108.27],[64.59,108.27],[76.67,119.32],[84.76,119.32],[96.85,108.27],[104.94,108.27],[110.99,113.76],[121.08,109.17],[121.08,61.5],[60.42,0]]}],"t":0},{"o":{"x":0,"y":0},"i":{"x":0.58,"y":1},"s":[{"c":true,"i":[[0,0],[0,-33.83],[0,0],[-5.56,5.07],[0,0],[-2.24,-2.05],[0,0],[-2.24,2.05],[0,0],[-2.24,-2.05],[0,0],[-2.24,2.05],[0,0],[-2.24,-2.05],[0,0],[0,7.61],[0,0],[33.23,0]],"o":[[-33.23,0],[0,0],[0,7.61],[0,0],[2.24,-2.05],[0,0],[2.24,2.05],[0,0],[2.24,-2.05],[0,0],[2.24,2.05],[0,0],[2.24,-2.05],[0,0],[5.56,5.07],[0,0],[-0.24,-33.83],[0,0]],"v":[[60.42,0],[0,61.5],[0,109.17],[10.09,113.76],[16.13,108.27],[24.23,108.27],[36.31,119.32],[44.41,119.32],[56.49,108.27],[64.59,108.27],[76.67,119.32],[84.76,119.32],[96.85,108.27],[104.94,108.27],[110.99,113.76],[121.08,109.17],[121.08,61.5],[60.42,0]]}],"t":15},{"o":{"x":0,"y":0},"i":{"x":0.58,"y":1},"s":[{"c":true,"i":[[0,0],[0,-33.83],[0,0],[-5.56,5.07],[0,0],[-2.24,-2.05],[0,0],[-2.24,2.05],[0,0],[-2.24,-2.05],[0,0],[-2.24,2.05],[0,0],[-2.24,-2.05],[0,0],[0,7.61],[0,0],[33.23,0]],"o":[[-33.23,0],[0,0],[0,7.61],[0,0],[2.24,-2.05],[0,0],[2.24,2.05],[0,0],[2.24,-2.05],[0,0],[2.24,2.05],[0,0],[2.24,-2.05],[0,0],[5.56,5.07],[0,0],[-0.24,-33.83],[0,0]],"v":[[60.42,0],[0,61.5],[0,109.17],[10.09,113.76],[16.13,108.27],[24.23,108.27],[36.31,119.32],[44.41,119.32],[56.49,108.27],[64.59,108.27],[76.67,119.32],[84.76,119.32],[96.85,108.27],[104.94,108.27],[110.99,113.76],[121.08,109.17],[121.08,61.5],[60.42,0]]}],"t":30},{"o":{"x":0,"y":0},"i":{"x":0.58,"y":1},"s":[{"c":true,"i":[[0,0],[0,-54.03],[0,0],[-5.55,8.1],[0,0],[-2.23,-3.28],[0,0],[-2.23,3.28],[0,0],[-2.23,-3.28],[0,0],[-2.23,3.28],[0,0],[-2.23,-3.28],[0,0],[0,12.16],[0,0],[33.21,0]],"o":[[-33.21,0],[0,0],[0,12.16],[0,0],[2.23,-3.28],[0,0],[2.23,3.28],[0,0],[2.23,-3.28],[0,0],[2.23,3.28],[0,0],[2.23,-3.28],[0,0],[5.55,8.1],[0,0],[-0.24,-54.03],[0,0]],"v":[[60.38,0],[0,98.21],[0,174.33],[10.08,181.66],[16.12,172.88],[24.21,172.88],[36.29,190.54],[44.38,190.54],[56.45,172.88],[64.55,172.88],[76.62,190.54],[84.71,190.54],[96.79,172.88],[104.88,172.88],[110.92,181.66],[121,174.33],[121,98.21],[60.38,0]]}],"t":45},{"o":{"x":0,"y":0},"i":{"x":0.58,"y":1},"s":[{"c":true,"i":[[0,0],[0,-31.35],[0,0],[-5.55,4.7],[0,0],[-2.23,-1.9],[0,0],[-2.23,1.9],[0,0],[-2.23,-1.9],[0,0],[-2.23,1.9],[0,0],[-2.23,-1.9],[0,0],[0,7.05],[0,0],[33.21,0]],"o":[[-33.21,0],[0,0],[0,7.05],[0,0],[2.23,-1.9],[0,0],[2.23,1.9],[0,0],[2.23,-1.9],[0,0],[2.23,1.9],[0,0],[2.23,-1.9],[0,0],[5.55,4.7],[0,0],[-0.24,-31.35],[0,0]],"v":[[60.38,0],[0,56.99],[0,101.17],[10.08,105.42],[16.12,100.33],[24.21,100.33],[36.29,110.57],[44.38,110.57],[56.45,100.33],[64.55,100.33],[76.62,110.57],[84.71,110.57],[96.79,100.33],[104.88,100.33],[110.92,105.42],[121,101.17],[121,56.99],[60.38,0]]}],"t":60},{"o":{"x":0,"y":0},"i":{"x":0.58,"y":1},"s":[{"c":true,"i":[[0,0],[0,-35.27],[0,0],[-5.55,5.29],[0,0],[-2.23,-2.14],[0,0],[-2.23,2.14],[0,0],[-2.23,-2.14],[0,0],[-2.23,2.14],[0,0],[-2.23,-2.14],[0,0],[0,7.94],[0,0],[33.21,0]],"o":[[-33.21,0],[0,0],[0,7.94],[0,0],[2.23,-2.14],[0,0],[2.23,2.14],[0,0],[2.23,-2.14],[0,0],[2.23,2.14],[0,0],[2.23,-2.14],[0,0],[5.55,5.29],[0,0],[-0.24,-35.27],[0,0]],"v":[[60.38,0],[0,64.12],[0,113.81],[10.08,118.6],[16.12,112.87],[24.21,112.87],[36.29,124.39],[44.38,124.39],[56.45,112.87],[64.55,112.87],[76.62,124.39],[84.71,124.39],[96.79,112.87],[104.88,112.87],[110.92,118.6],[121,113.81],[121,64.12],[60.38,0]]}],"t":75},{"o":{"x":0,"y":0},"i":{"x":0.58,"y":1},"s":[{"c":true,"i":[[0,0],[0,-35.27],[0,0],[-5.55,5.29],[0,0],[-2.23,-2.14],[0,0],[-2.23,2.14],[0,0],[-2.23,-2.14],[0,0],[-2.23,2.14],[0,0],[-2.23,-2.14],[0,0],[0,7.94],[0,0],[33.21,0]],"o":[[-33.21,0],[0,0],[0,7.94],[0,0],[2.23,-2.14],[0,0],[2.23,2.14],[0,0],[2.23,-2.14],[0,0],[2.23,2.14],[0,0],[2.23,-2.14],[0,0],[5.55,5.29],[0,0],[-0.24,-35.27],[0,0]],"v":[[60.38,0],[0,64.12],[0,113.81],[10.08,118.6],[16.12,112.87],[24.21,112.87],[36.29,124.39],[44.38,124.39],[56.45,112.87],[64.55,112.87],[76.62,124.39],[84.71,124.39],[96.79,112.87],[104.88,112.87],[110.92,118.6],[121,113.81],[121,64.12],[60.38,0]]}],"t":90},{"o":{"x":0,"y":0},"i":{"x":0.58,"y":1},"s":[{"c":true,"i":[[0,0],[0,-35.27],[0,0],[-5.55,5.29],[0,0],[-2.23,-2.14],[0,0],[-2.23,2.14],[0,0],[-2.23,-2.14],[0,0],[-2.23,2.14],[0,0],[-2.23,-2.14],[0,0],[0,7.94],[0,0],[33.21,0]],"o":[[-33.21,0],[0,0],[0,7.94],[0,0],[2.23,-2.14],[0,0],[2.23,2.14],[0,0],[2.23,-2.14],[0,0],[2.23,2.14],[0,0],[2.23,-2.14],[0,0],[5.55,5.29],[0,0],[-0.24,-35.27],[0,0]],"v":[[60.38,0],[0,64.12],[0,113.81],[10.08,118.6],[16.12,112.87],[24.21,112.87],[36.29,124.39],[44.38,124.39],[56.45,112.87],[64.55,112.87],[76.62,124.39],[84.71,124.39],[96.79,112.87],[104.88,112.87],[110.92,118.6],[121,113.81],[121,64.12],[60.38,0]]}],"t":105},{"o":{"x":0,"y":0},"i":{"x":0.58,"y":1},"s":[{"c":true,"i":[[0,0],[0,-35.27],[0,0],[-5.55,5.29],[0,0],[-2.23,-2.14],[0,0],[-2.23,2.14],[0,0],[-2.23,-2.14],[0,0],[-2.23,2.14],[0,0],[-2.23,-2.14],[0,0],[0,7.94],[0,0],[33.21,0]],"o":[[-33.21,0],[0,0],[0,7.94],[0,0],[2.23,-2.14],[0,0],[2.23,2.14],[0,0],[2.23,-2.14],[0,0],[2.23,2.14],[0,0],[2.23,-2.14],[0,0],[5.55,5.29],[0,0],[-0.24,-35.27],[0,0]],"v":[[60.38,0],[0,64.12],[0,113.81],[10.08,118.6],[16.12,112.87],[24.21,112.87],[36.29,124.39],[44.38,124.39],[56.45,112.87],[64.55,112.87],[76.62,124.39],[84.71,124.39],[96.79,112.87],[104.88,112.87],[110.92,118.6],[121,113.81],[121,64.12],[60.38,0]]}],"t":120},{"o":{"x":0,"y":0},"i":{"x":0.58,"y":1},"s":[{"c":true,"i":[[0,0],[0,-44.51],[0,0],[-5.55,6.68],[0,0],[-2.23,-2.7],[0,0],[-2.23,2.7],[0,0],[-2.23,-2.7],[0,0],[-2.23,2.7],[0,0],[-2.23,-2.7],[0,0],[0,10.01],[0,0],[33.21,0]],"o":[[-33.21,0],[0,0],[0,10.01],[0,0],[2.23,-2.7],[0,0],[2.23,2.7],[0,0],[2.23,-2.7],[0,0],[2.23,2.7],[0,0],[2.23,-2.7],[0,0],[5.55,6.68],[0,0],[-0.24,-44.51],[0,0]],"v":[[60.38,0],[0,80.91],[0,143.62],[10.08,149.66],[16.12,142.43],[24.21,142.43],[36.29,156.97],[44.38,156.97],[56.45,142.43],[64.55,142.43],[76.62,156.97],[84.71,156.97],[96.79,142.43],[104.88,142.43],[110.92,149.66],[121,143.62],[121,80.91],[60.38,0]]}],"t":135},{"o":{"x":0,"y":0},"i":{"x":0.58,"y":1},"s":[{"c":true,"i":[[0,0],[0,-44.51],[0,0],[-5.55,6.68],[0,0],[-2.23,-2.7],[0,0],[-2.23,2.7],[0,0],[-2.23,-2.7],[0,0],[-2.23,2.7],[0,0],[-2.23,-2.7],[0,0],[0,10.01],[0,0],[33.21,0]],"o":[[-33.21,0],[0,0],[0,10.01],[0,0],[2.23,-2.7],[0,0],[2.23,2.7],[0,0],[2.23,-2.7],[0,0],[2.23,2.7],[0,0],[2.23,-2.7],[0,0],[5.55,6.68],[0,0],[-0.24,-44.51],[0,0]],"v":[[60.38,0],[0,80.91],[0,143.62],[10.08,149.66],[16.12,142.43],[24.21,142.43],[36.29,156.97],[44.38,156.97],[56.45,142.43],[64.55,142.43],[76.62,156.97],[84.71,156.97],[96.79,142.43],[104.88,142.43],[110.92,149.66],[121,143.62],[121,80.91],[60.38,0]]}],"t":150},{"s":[{"c":true,"i":[[0,0],[0,-44.51],[0,0],[-5.55,6.68],[0,0],[-2.23,-2.7],[0,0],[-2.23,2.7],[0,0],[-2.23,-2.7],[0,0],[-2.23,2.7],[0,0],[-2.23,-2.7],[0,0],[0,10.01],[0,0],[33.21,0]],"o":[[-33.21,0],[0,0],[0,10.01],[0,0],[2.23,-2.7],[0,0],[2.23,2.7],[0,0],[2.23,-2.7],[0,0],[2.23,2.7],[0,0],[2.23,-2.7],[0,0],[5.55,6.68],[0,0],[-0.24,-44.51],[0,0]],"v":[[60.38,0],[0,80.91],[0,143.62],[10.08,149.66],[16.12,142.43],[24.21,142.43],[36.29,156.97],[44.38,156.97],[56.45,142.43],[64.55,142.43],[76.62,156.97],[84.71,156.97],[96.79,142.43],[104.88,142.43],[110.92,149.66],[121,143.62],[121,80.91],[60.38,0]]}],"t":165}]}},{"ty":"sh","bm":0,"hd":false,"nm":"","d":1,"ks":{"a":1,"k":[{"o":{"x":0,"y":0},"i":{"x":0.58,"y":1},"s":[{"c":true,"i":[[0,0],[0,-7.91],[7.91,0],[0,7.91],[-7.91,0]],"o":[[7.91,0],[0,7.91],[-7.91,0],[0,-7.91],[0,0]],"v":[[60.42,27.91],[74.8,42.29],[60.42,56.67],[46.04,42.29],[60.42,27.91]]}],"t":0},{"o":{"x":0,"y":0},"i":{"x":0.58,"y":1},"s":[{"c":true,"i":[[0,0],[0,-7.91],[7.91,0],[0,7.91],[-7.91,0]],"o":[[7.91,0],[0,7.91],[-7.91,0],[0,-7.91],[0,0]],"v":[[60.42,27.91],[74.8,42.29],[60.42,56.67],[46.04,42.29],[60.42,27.91]]}],"t":15},{"o":{"x":0,"y":0},"i":{"x":0.58,"y":1},"s":[{"c":true,"i":[[0,0],[0,-7.91],[7.91,0],[0,7.91],[-7.91,0]],"o":[[7.91,0],[0,7.91],[-7.91,0],[0,-7.91],[0,0]],"v":[[60.42,27.91],[74.8,42.29],[60.42,56.67],[46.04,42.29],[60.42,27.91]]}],"t":30},{"o":{"x":0,"y":0},"i":{"x":0.58,"y":1},"s":[{"c":true,"i":[[0,0],[0,-12.64],[7.91,0],[0,12.64],[-7.91,0]],"o":[[7.91,0],[0,12.64],[-7.91,0],[0,-12.64],[0,0]],"v":[[60.38,44.57],[74.75,67.53],[60.38,90.49],[46.01,67.53],[60.38,44.57]]}],"t":45},{"o":{"x":0,"y":0},"i":{"x":0.58,"y":1},"s":[{"c":true,"i":[[0,0],[0,-7.33],[7.91,0],[0,7.33],[-7.91,0]],"o":[[7.91,0],[0,7.33],[-7.91,0],[0,-7.33],[0,0]],"v":[[60.38,25.87],[74.75,39.19],[60.38,52.51],[46.01,39.19],[60.38,25.87]]}],"t":60},{"o":{"x":0,"y":0},"i":{"x":0.58,"y":1},"s":[{"c":true,"i":[[0,0],[0,-8.25],[7.91,0],[0,8.25],[-7.91,0]],"o":[[7.91,0],[0,8.25],[-7.91,0],[0,-8.25],[0,0]],"v":[[60.38,29.1],[74.75,44.09],[60.38,59.08],[46.01,44.09],[60.38,29.1]]}],"t":75},{"o":{"x":0,"y":0},"i":{"x":0.58,"y":1},"s":[{"c":true,"i":[[0,0],[0,-8.25],[7.91,0],[0,8.25],[-7.91,0]],"o":[[7.91,0],[0,8.25],[-7.91,0],[0,-8.25],[0,0]],"v":[[60.38,29.1],[74.75,44.09],[60.38,59.08],[46.01,44.09],[60.38,29.1]]}],"t":90},{"o":{"x":0,"y":0},"i":{"x":0.58,"y":1},"s":[{"c":true,"i":[[0,0],[0,-8.25],[7.91,0],[0,8.25],[-7.91,0]],"o":[[7.91,0],[0,8.25],[-7.91,0],[0,-8.25],[0,0]],"v":[[60.38,29.1],[74.75,44.09],[60.38,59.08],[46.01,44.09],[60.38,29.1]]}],"t":105},{"o":{"x":0,"y":0},"i":{"x":0.58,"y":1},"s":[{"c":true,"i":[[0,0],[0,-8.25],[7.91,0],[0,8.25],[-7.91,0]],"o":[[7.91,0],[0,8.25],[-7.91,0],[0,-8.25],[0,0]],"v":[[60.38,29.1],[74.75,44.09],[60.38,59.08],[46.01,44.09],[60.38,29.1]]}],"t":120},{"o":{"x":0,"y":0},"i":{"x":0.58,"y":1},"s":[{"c":true,"i":[[0,0],[0,-10.41],[7.91,0],[0,10.41],[-7.91,0]],"o":[[7.91,0],[0,10.41],[-7.91,0],[0,-10.41],[0,0]],"v":[[60.38,36.72],[74.75,55.64],[60.38,74.55],[46.01,55.64],[60.38,36.72]]}],"t":135},{"o":{"x":0,"y":0},"i":{"x":0.58,"y":1},"s":[{"c":true,"i":[[0,0],[0,-10.41],[7.91,0],[0,10.41],[-7.91,0]],"o":[[7.91,0],[0,10.41],[-7.91,0],[0,-10.41],[0,0]],"v":[[60.38,36.72],[74.75,55.64],[60.38,74.55],[46.01,55.64],[60.38,36.72]]}],"t":150},{"s":[{"c":true,"i":[[0,0],[0,-10.41],[7.91,0],[0,10.41],[-7.91,0]],"o":[[7.91,0],[0,10.41],[-7.91,0],[0,-10.41],[0,0]],"v":[[60.38,36.72],[74.75,55.64],[60.38,74.55],[46.01,55.64],[60.38,36.72]]}],"t":165}]}},{"ty":"sh","bm":0,"hd":false,"nm":"","d":1,"ks":{"a":1,"k":[{"o":{"x":0,"y":0},"i":{"x":0.58,"y":1},"s":[{"c":true,"i":[[0,0],[9.69,0.02],[7.91,5.92],[0.17,1.19],[-0.72,0.96],[-1.19,0.17],[-0.96,-0.72],[-7.73,0],[-6.2,4.62],[-1.19,-0.17],[-0.72,-0.96],[0.17,-1.19],[0.96,-0.72]],"o":[[-7.77,5.79],[-9.49,0],[-0.96,-0.72],[-0.17,-1.19],[0.72,-0.96],[1.19,-0.17],[6.2,4.62],[7.73,0],[0.96,-0.72],[1.19,0.17],[0.72,0.96],[-0.17,1.19],[0,0]],"v":[[87.3,76.12],[60.42,85.01],[33.53,76.12],[31.76,73.14],[32.63,69.78],[35.61,68.01],[38.97,68.87],[60.42,75.99],[81.86,68.87],[85.22,68.01],[88.21,69.78],[89.07,73.14],[87.3,76.12]]}],"t":0},{"o":{"x":0,"y":0},"i":{"x":0.58,"y":1},"s":[{"c":true,"i":[[0,0],[9.69,0.02],[7.91,5.92],[0.17,1.19],[-0.72,0.96],[-1.19,0.17],[-0.96,-0.72],[-7.73,0],[-6.2,4.62],[-1.19,-0.17],[-0.72,-0.96],[0.17,-1.19],[0.96,-0.72]],"o":[[-7.77,5.79],[-9.49,0],[-0.96,-0.72],[-0.17,-1.19],[0.72,-0.96],[1.19,-0.17],[6.2,4.62],[7.73,0],[0.96,-0.72],[1.19,0.17],[0.72,0.96],[-0.17,1.19],[0,0]],"v":[[87.3,76.12],[60.42,85.01],[33.53,76.12],[31.76,73.14],[32.63,69.78],[35.61,68.01],[38.97,68.87],[60.42,75.99],[81.86,68.87],[85.22,68.01],[88.21,69.78],[89.07,73.14],[87.3,76.12]]}],"t":15},{"o":{"x":0,"y":0},"i":{"x":0.58,"y":1},"s":[{"c":true,"i":[[0,0],[9.69,0.02],[7.91,5.92],[0.17,1.19],[-0.72,0.96],[-1.19,0.17],[-0.96,-0.72],[-7.73,0],[-6.2,4.62],[-1.19,-0.17],[-0.72,-0.96],[0.17,-1.19],[0.96,-0.72]],"o":[[-7.77,5.79],[-9.49,0],[-0.96,-0.72],[-0.17,-1.19],[0.72,-0.96],[1.19,-0.17],[6.2,4.62],[7.73,0],[0.96,-0.72],[1.19,0.17],[0.72,0.96],[-0.17,1.19],[0,0]],"v":[[87.3,76.12],[60.42,85.01],[33.53,76.12],[31.76,73.14],[32.63,69.78],[35.61,68.01],[38.97,68.87],[60.42,75.99],[81.86,68.87],[85.22,68.01],[88.21,69.78],[89.07,73.14],[87.3,76.12]]}],"t":30},{"o":{"x":0,"y":0},"i":{"x":0.58,"y":1},"s":[{"c":true,"i":[[0,0],[9.68,0.03],[7.91,9.45],[0.17,1.9],[-0.72,1.54],[-1.19,0.27],[-0.96,-1.15],[-7.72,0],[-6.19,7.38],[-1.19,-0.27],[-0.72,-1.54],[0.17,-1.9],[0.96,-1.15]],"o":[[-7.76,9.24],[-9.48,0],[-0.96,-1.15],[-0.17,-1.9],[0.72,-1.54],[1.19,-0.27],[6.19,7.38],[7.72,0],[0.96,-1.15],[1.19,0.27],[0.72,1.54],[-0.17,1.9],[0,0]],"v":[[87.25,121.56],[60.38,135.74],[33.51,121.56],[31.74,116.79],[32.6,111.43],[35.59,108.61],[38.94,109.98],[60.38,121.34],[81.81,109.98],[85.17,108.61],[88.15,111.43],[89.01,116.79],[87.25,121.56]]}],"t":45},{"o":{"x":0,"y":0},"i":{"x":0.58,"y":1},"s":[{"c":true,"i":[[0,0],[9.68,0.02],[7.91,5.49],[0.17,1.1],[-0.72,0.89],[-1.19,0.16],[-0.96,-0.67],[-7.72,0],[-6.19,4.28],[-1.19,-0.16],[-0.72,-0.89],[0.17,-1.1],[0.96,-0.67]],"o":[[-7.76,5.36],[-9.48,0],[-0.96,-0.67],[-0.17,-1.1],[0.72,-0.89],[1.19,-0.16],[6.19,4.28],[7.72,0],[0.96,-0.67],[1.19,0.16],[0.72,0.89],[-0.17,1.1],[0,0]],"v":[[87.25,70.54],[60.38,78.77],[33.51,70.54],[31.74,67.78],[32.6,64.66],[35.59,63.03],[38.94,63.82],[60.38,70.42],[81.81,63.82],[85.17,63.03],[88.15,64.66],[89.01,67.78],[87.25,70.54]]}],"t":60},{"o":{"x":0,"y":0},"i":{"x":0.58,"y":1},"s":[{"c":true,"i":[[0,0],[9.68,0.02],[7.91,6.17],[0.17,1.24],[-0.72,1],[-1.19,0.18],[-0.96,-0.75],[-7.72,0],[-6.19,4.82],[-1.19,-0.18],[-0.72,-1],[0.17,-1.24],[0.96,-0.75]],"o":[[-7.76,6.03],[-9.48,0],[-0.96,-0.75],[-0.17,-1.24],[0.72,-1],[1.19,-0.18],[6.19,4.82],[7.72,0],[0.96,-0.75],[1.19,0.18],[0.72,1],[-0.17,1.24],[0,0]],"v":[[87.25,79.36],[60.38,88.62],[33.51,79.36],[31.74,76.25],[32.6,72.75],[35.59,70.9],[38.94,71.8],[60.38,79.22],[81.81,71.8],[85.17,70.9],[88.15,72.75],[89.01,76.25],[87.25,79.36]]}],"t":75},{"o":{"x":0,"y":0},"i":{"x":0.58,"y":1},"s":[{"c":true,"i":[[0,0],[9.68,0.02],[7.91,6.17],[0.17,1.24],[-0.72,1],[-1.19,0.18],[-0.96,-0.75],[-7.72,0],[-6.19,4.82],[-1.19,-0.18],[-0.72,-1],[0.17,-1.24],[0.96,-0.75]],"o":[[-7.76,6.03],[-9.48,0],[-0.96,-0.75],[-0.17,-1.24],[0.72,-1],[1.19,-0.18],[6.19,4.82],[7.72,0],[0.96,-0.75],[1.19,0.18],[0.72,1],[-0.17,1.24],[0,0]],"v":[[87.25,79.36],[60.38,88.62],[33.51,79.36],[31.74,76.25],[32.6,72.75],[35.59,70.9],[38.94,71.8],[60.38,79.22],[81.81,71.8],[85.17,70.9],[88.15,72.75],[89.01,76.25],[87.25,79.36]]}],"t":90},{"o":{"x":0,"y":0},"i":{"x":0.58,"y":1},"s":[{"c":true,"i":[[0,0],[9.68,0.02],[7.91,6.17],[0.17,1.24],[-0.72,1],[-1.19,0.18],[-0.96,-0.75],[-7.72,0],[-6.19,4.82],[-1.19,-0.18],[-0.72,-1],[0.17,-1.24],[0.96,-0.75]],"o":[[-7.76,6.03],[-9.48,0],[-0.96,-0.75],[-0.17,-1.24],[0.72,-1],[1.19,-0.18],[6.19,4.82],[7.72,0],[0.96,-0.75],[1.19,0.18],[0.72,1],[-0.17,1.24],[0,0]],"v":[[87.25,79.36],[60.38,88.62],[33.51,79.36],[31.74,76.25],[32.6,72.75],[35.59,70.9],[38.94,71.8],[60.38,79.22],[81.81,71.8],[85.17,70.9],[88.15,72.75],[89.01,76.25],[87.25,79.36]]}],"t":105},{"o":{"x":0,"y":0},"i":{"x":0.58,"y":1},"s":[{"c":true,"i":[[0,0],[9.68,0.02],[7.91,6.17],[0.17,1.24],[-0.72,1],[-1.19,0.18],[-0.96,-0.75],[-7.72,0],[-6.19,4.82],[-1.19,-0.18],[-0.72,-1],[0.17,-1.24],[0.96,-0.75]],"o":[[-7.76,6.03],[-9.48,0],[-0.96,-0.75],[-0.17,-1.24],[0.72,-1],[1.19,-0.18],[6.19,4.82],[7.72,0],[0.96,-0.75],[1.19,0.18],[0.72,1],[-0.17,1.24],[0,0]],"v":[[87.25,79.36],[60.38,88.62],[33.51,79.36],[31.74,76.25],[32.6,72.75],[35.59,70.9],[38.94,71.8],[60.38,79.22],[81.81,71.8],[85.17,70.9],[88.15,72.75],[89.01,76.25],[87.25,79.36]]}],"t":120},{"o":{"x":0,"y":0},"i":{"x":0.58,"y":1},"s":[{"c":true,"i":[[0,0],[9.68,0.03],[7.91,7.79],[0.17,1.57],[-0.72,1.26],[-1.19,0.22],[-0.96,-0.95],[-7.72,0],[-6.19,6.08],[-1.19,-0.22],[-0.72,-1.26],[0.17,-1.57],[0.96,-0.95]],"o":[[-7.76,7.61],[-9.48,0],[-0.96,-0.95],[-0.17,-1.57],[0.72,-1.26],[1.19,-0.22],[6.19,6.08],[7.72,0],[0.96,-0.95],[1.19,0.22],[0.72,1.26],[-0.17,1.57],[0,0]],"v":[[87.25,100.14],[60.38,111.83],[33.51,100.14],[31.74,96.22],[32.6,91.8],[35.59,89.48],[38.94,90.61],[60.38,99.97],[81.81,90.61],[85.17,89.48],[88.15,91.8],[89.01,96.22],[87.25,100.14]]}],"t":135},{"o":{"x":0,"y":0},"i":{"x":0.58,"y":1},"s":[{"c":true,"i":[[0,0],[9.68,0.03],[7.91,7.79],[0.17,1.57],[-0.72,1.26],[-1.19,0.22],[-0.96,-0.95],[-7.72,0],[-6.19,6.08],[-1.19,-0.22],[-0.72,-1.26],[0.17,-1.57],[0.96,-0.95]],"o":[[-7.76,7.61],[-9.48,0],[-0.96,-0.95],[-0.17,-1.57],[0.72,-1.26],[1.19,-0.22],[6.19,6.08],[7.72,0],[0.96,-0.95],[1.19,0.22],[0.72,1.26],[-0.17,1.57],[0,0]],"v":[[87.25,100.14],[60.38,111.83],[33.51,100.14],[31.74,96.22],[32.6,91.8],[35.59,89.48],[38.94,90.61],[60.38,99.97],[81.81,90.61],[85.17,89.48],[88.15,91.8],[89.01,96.22],[87.25,100.14]]}],"t":150},{"s":[{"c":true,"i":[[0,0],[9.68,0.03],[7.91,7.79],[0.17,1.57],[-0.72,1.26],[-1.19,0.22],[-0.96,-0.95],[-7.72,0],[-6.19,6.08],[-1.19,-0.22],[-0.72,-1.26],[0.17,-1.57],[0.96,-0.95]],"o":[[-7.76,7.61],[-9.48,0],[-0.96,-0.95],[-0.17,-1.57],[0.72,-1.26],[1.19,-0.22],[6.19,6.08],[7.72,0],[0.96,-0.95],[1.19,0.22],[0.72,1.26],[-0.17,1.57],[0,0]],"v":[[87.25,100.14],[60.38,111.83],[33.51,100.14],[31.74,96.22],[32.6,91.8],[35.59,89.48],[38.94,90.61],[60.38,99.97],[81.81,90.61],[85.17,89.48],[88.15,91.8],[89.01,96.22],[87.25,100.14]]}],"t":165}]}},{"ty":"gf","bm":0,"hd":false,"nm":"","e":{"a":1,"k":[{"o":{"x":0,"y":0},"i":{"x":0.58,"y":1},"s":[60.537498474121094,120.86399841308594],"t":0},{"o":{"x":0,"y":0},"i":{"x":0.58,"y":1},"s":[60.537498474121094,120.86399841308594],"t":15},{"o":{"x":0,"y":0},"i":{"x":0.58,"y":1},"s":[60.537498474121094,120.86399841308594],"t":30},{"o":{"x":0,"y":0},"i":{"x":0.58,"y":1},"s":[60.5,193],"t":45},{"o":{"x":0,"y":0},"i":{"x":0.58,"y":1},"s":[60.5,112],"t":60},{"o":{"x":0,"y":0},"i":{"x":0.58,"y":1},"s":[60.5,126],"t":75},{"o":{"x":0,"y":0},"i":{"x":0.58,"y":1},"s":[60.5,126],"t":90},{"o":{"x":0,"y":0},"i":{"x":0.58,"y":1},"s":[60.5,126],"t":105},{"o":{"x":0,"y":0},"i":{"x":0.58,"y":1},"s":[60.5,126],"t":120},{"o":{"x":0,"y":0},"i":{"x":0.58,"y":1},"s":[60.5,159],"t":135},{"o":{"x":0,"y":0},"i":{"x":0.58,"y":1},"s":[60.5,159],"t":150},{"s":[60.5,159],"t":165}]},"g":{"p":2,"k":{"a":1,"k":[{"o":{"x":0,"y":0},"i":{"x":0.58,"y":1},"s":[0,0.8917058664583692,0.8917058664583692,0.8917058664583692,1,0.9042058545374403,0.9042058545374403,0.9042058545374403,0,1,1,0.6499999761581421],"t":0},{"o":{"x":0,"y":0},"i":{"x":0.58,"y":1},"s":[0,0.8917058664583692,0.8917058664583692,0.8917058664583692,1,0.9042058545374403,0.9042058545374403,0.9042058545374403,0,1,1,0.6499999761581421],"t":15},{"o":{"x":0,"y":0},"i":{"x":0.58,"y":1},"s":[0,0.8917058664583692,0.8917058664583692,0.8917058664583692,1,0.9042058545374403,0.9042058545374403,0.9042058545374403,0,1,1,0.6499999761581421],"t":30},{"o":{"x":0,"y":0},"i":{"x":0.58,"y":1},"s":[0,0.8917058664583692,0.8917058664583692,0.8917058664583692,1,0.9042058545374403,0.9042058545374403,0.9042058545374403,0,1,1,0.6499999761581421],"t":45},{"o":{"x":0,"y":0},"i":{"x":0.58,"y":1},"s":[0,0.8917058664583692,0.8917058664583692,0.8917058664583692,1,0.9042058545374403,0.9042058545374403,0.9042058545374403,0,1,1,0.6499999761581421],"t":60},{"o":{"x":0,"y":0},"i":{"x":0.58,"y":1},"s":[0,0.8917058664583692,0.8917058664583692,0.8917058664583692,1,0.9042058545374403,0.9042058545374403,0.9042058545374403,0,1,1,0.6499999761581421],"t":75},{"o":{"x":0,"y":0},"i":{"x":0.58,"y":1},"s":[0,0.8917058664583692,0.8917058664583692,0.8917058664583692,1,0.9042058545374403,0.9042058545374403,0.9042058545374403,0,1,1,0.6499999761581421],"t":90},{"o":{"x":0,"y":0},"i":{"x":0.58,"y":1},"s":[0,0.8917058664583692,0.8917058664583692,0.8917058664583692,1,0.9042058545374403,0.9042058545374403,0.9042058545374403,0,1,1,0.6499999761581421],"t":105},{"o":{"x":0,"y":0},"i":{"x":0.58,"y":1},"s":[0,0.8917058664583692,0.8917058664583692,0.8917058664583692,1,0.9042058545374403,0.9042058545374403,0.9042058545374403,0,1,1,0.6499999761581421],"t":120},{"o":{"x":0,"y":0},"i":{"x":0.58,"y":1},"s":[0,0.8917058664583692,0.8917058664583692,0.8917058664583692,1,0.9042058545374403,0.9042058545374403,0.9042058545374403,0,1,1,0.6499999761581421],"t":135},{"o":{"x":0,"y":0},"i":{"x":0.58,"y":1},"s":[0,0.8917058664583692,0.8917058664583692,0.8917058664583692,1,0.9042058545374403,0.9042058545374403,0.9042058545374403,0,1,1,0.6499999761581421],"t":150},{"s":[0,0.8917058664583692,0.8917058664583692,0.8917058664583692,1,0.9042058545374403,0.9042058545374403,0.9042058545374403,0,1,1,0.6499999761581421],"t":165}]}},"t":1,"a":{"a":0,"k":0},"h":{"a":0,"k":0},"s":{"a":1,"k":[{"o":{"x":0,"y":0},"i":{"x":0.58,"y":1},"s":[60.537498474121094,0],"t":0},{"o":{"x":0,"y":0},"i":{"x":0.58,"y":1},"s":[60.537498474121094,0],"t":15},{"o":{"x":0,"y":0},"i":{"x":0.58,"y":1},"s":[60.537498474121094,0],"t":30},{"o":{"x":0,"y":0},"i":{"x":0.58,"y":1},"s":[60.5,0],"t":45},{"o":{"x":0,"y":0},"i":{"x":0.58,"y":1},"s":[60.5,0],"t":60},{"o":{"x":0,"y":0},"i":{"x":0.58,"y":1},"s":[60.5,0],"t":75},{"o":{"x":0,"y":0},"i":{"x":0.58,"y":1},"s":[60.5,0],"t":90},{"o":{"x":0,"y":0},"i":{"x":0.58,"y":1},"s":[60.5,0],"t":105},{"o":{"x":0,"y":0},"i":{"x":0.58,"y":1},"s":[60.5,0],"t":120},{"o":{"x":0,"y":0},"i":{"x":0.58,"y":1},"s":[60.5,0],"t":135},{"o":{"x":0,"y":0},"i":{"x":0.58,"y":1},"s":[60.5,0],"t":150},{"s":[60.5,0],"t":165}]},"r":1,"o":{"a":1,"k":[{"o":{"x":0,"y":0},"i":{"x":0.58,"y":1},"s":[100],"t":0},{"o":{"x":0,"y":0},"i":{"x":0.58,"y":1},"s":[100],"t":15},{"o":{"x":0,"y":0},"i":{"x":0.58,"y":1},"s":[100],"t":30},{"o":{"x":0,"y":0},"i":{"x":0.58,"y":1},"s":[100],"t":45},{"o":{"x":0,"y":0},"i":{"x":0.58,"y":1},"s":[100],"t":60},{"o":{"x":0,"y":0},"i":{"x":0.58,"y":1},"s":[100],"t":75},{"o":{"x":0,"y":0},"i":{"x":0.58,"y":1},"s":[100],"t":90},{"o":{"x":0,"y":0},"i":{"x":0.58,"y":1},"s":[100],"t":105},{"o":{"x":0,"y":0},"i":{"x":0.58,"y":1},"s":[100],"t":120},{"o":{"x":0,"y":0},"i":{"x":0.58,"y":1},"s":[100],"t":135},{"o":{"x":0,"y":0},"i":{"x":0.58,"y":1},"s":[100],"t":150},{"s":[100],"t":165}]}}],"ind":2},{"ty":4,"nm":"Ellipse 7","sr":1,"st":0,"op":166,"ip":0,"hd":false,"ddd":0,"bm":0,"hasMask":false,"ao":0,"ks":{"a":{"a":1,"k":[{"o":{"x":0,"y":0},"i":{"x":0.58,"y":1},"s":[2.5,0.5],"t":0},{"o":{"x":0,"y":0},"i":{"x":0.58,"y":1},"s":[90,13],"t":15},{"o":{"x":0,"y":0},"i":{"x":0.58,"y":1},"s":[77.5,11],"t":30},{"o":{"x":0,"y":0},"i":{"x":0.58,"y":1},"s":[77.5,11],"t":45},{"o":{"x":0,"y":0},"i":{"x":0.58,"y":1},"s":[77.5,11],"t":60},{"o":{"x":0,"y":0},"i":{"x":0.58,"y":1},"s":[77.5,11],"t":75},{"o":{"x":0,"y":0},"i":{"x":0.58,"y":1},"s":[77.5,11],"t":90},{"o":{"x":0,"y":0},"i":{"x":0.58,"y":1},"s":[77.5,11],"t":105},{"o":{"x":0,"y":0},"i":{"x":0.58,"y":1},"s":[77.5,11],"t":120},{"o":{"x":0,"y":0},"i":{"x":0.58,"y":1},"s":[77.5,11],"t":135},{"o":{"x":0,"y":0},"i":{"x":0.58,"y":1},"s":[77.5,11],"t":150},{"s":[6,0.5],"t":165}]},"s":{"a":1,"k":[{"o":{"x":0,"y":0},"i":{"x":0.58,"y":1},"s":[100,100],"t":0},{"o":{"x":0,"y":0},"i":{"x":0.58,"y":1},"s":[100,100],"t":15},{"o":{"x":0,"y":0},"i":{"x":0.58,"y":1},"s":[100,100],"t":30},{"o":{"x":0,"y":0},"i":{"x":0.58,"y":1},"s":[100,100],"t":45},{"o":{"x":0,"y":0},"i":{"x":0.58,"y":1},"s":[100,100],"t":60},{"o":{"x":0,"y":0},"i":{"x":0.58,"y":1},"s":[100,100],"t":75},{"o":{"x":0,"y":0},"i":{"x":0.58,"y":1},"s":[100,100],"t":90},{"o":{"x":0,"y":0},"i":{"x":0.58,"y":1},"s":[100,100],"t":105},{"o":{"x":0,"y":0},"i":{"x":0.58,"y":1},"s":[100,100],"t":120},{"o":{"x":0,"y":0},"i":{"x":0.58,"y":1},"s":[100,100],"t":135},{"o":{"x":0,"y":0},"i":{"x":0.58,"y":1},"s":[100,100],"t":150},{"s":[100,-100],"t":165}]},"sk":{"a":0,"k":0},"p":{"a":1,"k":[{"o":{"x":0,"y":0},"i":{"x":0.58,"y":1},"s":[126.5,228.5],"t":0},{"o":{"x":0,"y":0},"i":{"x":0.58,"y":1},"s":[127,217],"t":15},{"o":{"x":0,"y":0},"i":{"x":0.58,"y":1},"s":[127.5,219],"t":30},{"o":{"x":0,"y":0},"i":{"x":0.58,"y":1},"s":[127.5,219],"t":45},{"o":{"x":0,"y":0},"i":{"x":0.58,"y":1},"s":[127.5,219],"t":60},{"o":{"x":0,"y":0},"i":{"x":0.58,"y":1},"s":[127.5,219],"t":75},{"o":{"x":0,"y":0},"i":{"x":0.58,"y":1},"s":[127.5,219],"t":90},{"o":{"x":0,"y":0},"i":{"x":0.58,"y":1},"s":[127.5,219],"t":105},{"o":{"x":0,"y":0},"i":{"x":0.58,"y":1},"s":[127.5,219],"t":120},{"o":{"x":0,"y":0},"i":{"x":0.58,"y":1},"s":[127.5,219],"t":135},{"o":{"x":0,"y":0},"i":{"x":0.58,"y":1},"s":[127.5,219],"t":150},{"s":[127,225.5],"t":165}]},"r":{"a":1,"k":[{"o":{"x":0,"y":0},"i":{"x":0.58,"y":1},"s":[0],"t":0},{"o":{"x":0,"y":0},"i":{"x":0.58,"y":1},"s":[0],"t":15},{"o":{"x":0,"y":0},"i":{"x":0.58,"y":1},"s":[0],"t":30},{"o":{"x":0,"y":0},"i":{"x":0.58,"y":1},"s":[0],"t":45},{"o":{"x":0,"y":0},"i":{"x":0.58,"y":1},"s":[0],"t":60},{"o":{"x":0,"y":0},"i":{"x":0.58,"y":1},"s":[0],"t":75},{"o":{"x":0,"y":0},"i":{"x":0.58,"y":1},"s":[0],"t":90},{"o":{"x":0,"y":0},"i":{"x":0.58,"y":1},"s":[0],"t":105},{"o":{"x":0,"y":0},"i":{"x":0.58,"y":1},"s":[0],"t":120},{"o":{"x":0,"y":0},"i":{"x":0.58,"y":1},"s":[0],"t":135},{"o":{"x":0,"y":0},"i":{"x":0.58,"y":1},"s":[0],"t":150},{"s":[0],"t":165}]},"sa":{"a":0,"k":0},"o":{"a":1,"k":[{"o":{"x":0,"y":0},"i":{"x":0.58,"y":1},"s":[100],"t":0},{"o":{"x":0,"y":0},"i":{"x":0.58,"y":1},"s":[100],"t":15},{"o":{"x":0,"y":0},"i":{"x":0.58,"y":1},"s":[100],"t":30},{"o":{"x":0,"y":0},"i":{"x":0.58,"y":1},"s":[100],"t":45},{"o":{"x":0,"y":0},"i":{"x":0.58,"y":1},"s":[100],"t":60},{"o":{"x":0,"y":0},"i":{"x":0.58,"y":1},"s":[100],"t":75},{"o":{"x":0,"y":0},"i":{"x":0.58,"y":1},"s":[100],"t":90},{"o":{"x":0,"y":0},"i":{"x":0.58,"y":1},"s":[100],"t":105},{"o":{"x":0,"y":0},"i":{"x":0.58,"y":1},"s":[100],"t":120},{"o":{"x":0,"y":0},"i":{"x":0.58,"y":1},"s":[100],"t":135},{"o":{"x":0,"y":0},"i":{"x":0.58,"y":1},"s":[100],"t":150},{"s":[0],"t":165}]}},"shapes":[{"ty":"sh","bm":0,"hd":false,"nm":"","d":1,"ks":{"a":1,"k":[{"o":{"x":0,"y":0},"i":{"x":0.58,"y":1},"s":[{"c":true,"i":[[-1.38,0],[0,-0.28],[1.38,0],[0,0.28]],"o":[[1.38,0],[0,0.28],[-1.38,0],[0,-0.28]],"v":[[2.5,0],[5,0.5],[2.5,1],[0,0.5]]}],"t":0},{"o":{"x":0,"y":0},"i":{"x":0.58,"y":1},"s":[{"c":true,"i":[[-49.67,0],[0,-7.17],[49.67,0],[0,7.17]],"o":[[49.67,0],[0,7.17],[-49.67,0],[0,-7.17]],"v":[[90,0],[180,13],[90,26],[0,13]]}],"t":15},{"o":{"x":0,"y":0},"i":{"x":0.58,"y":1},"s":[{"c":true,"i":[[-42.77,0],[0,-6.07],[42.77,0],[0,6.07]],"o":[[42.77,0],[0,6.07],[-42.77,0],[0,-6.07]],"v":[[77.5,0],[155,11],[77.5,22],[0,11]]}],"t":30},{"o":{"x":0,"y":0},"i":{"x":0.58,"y":1},"s":[{"c":true,"i":[[-42.77,0],[0,-6.07],[42.77,0],[0,6.07]],"o":[[42.77,0],[0,6.07],[-42.77,0],[0,-6.07]],"v":[[77.5,0],[155,11],[77.5,22],[0,11]]}],"t":45},{"o":{"x":0,"y":0},"i":{"x":0.58,"y":1},"s":[{"c":true,"i":[[-42.77,0],[0,-6.07],[42.77,0],[0,6.07]],"o":[[42.77,0],[0,6.07],[-42.77,0],[0,-6.07]],"v":[[77.5,0],[155,11],[77.5,22],[0,11]]}],"t":60},{"o":{"x":0,"y":0},"i":{"x":0.58,"y":1},"s":[{"c":true,"i":[[-42.77,0],[0,-6.07],[42.77,0],[0,6.07]],"o":[[42.77,0],[0,6.07],[-42.77,0],[0,-6.07]],"v":[[77.5,0],[155,11],[77.5,22],[0,11]]}],"t":75},{"o":{"x":0,"y":0},"i":{"x":0.58,"y":1},"s":[{"c":true,"i":[[-42.77,0],[0,-6.07],[42.77,0],[0,6.07]],"o":[[42.77,0],[0,6.07],[-42.77,0],[0,-6.07]],"v":[[77.5,0],[155,11],[77.5,22],[0,11]]}],"t":90},{"o":{"x":0,"y":0},"i":{"x":0.58,"y":1},"s":[{"c":true,"i":[[-42.77,0],[0,-6.07],[42.77,0],[0,6.07]],"o":[[42.77,0],[0,6.07],[-42.77,0],[0,-6.07]],"v":[[77.5,0],[155,11],[77.5,22],[0,11]]}],"t":105},{"o":{"x":0,"y":0},"i":{"x":0.58,"y":1},"s":[{"c":true,"i":[[-42.77,0],[0,-6.07],[42.77,0],[0,6.07]],"o":[[42.77,0],[0,6.07],[-42.77,0],[0,-6.07]],"v":[[77.5,0],[155,11],[77.5,22],[0,11]]}],"t":120},{"o":{"x":0,"y":0},"i":{"x":0.58,"y":1},"s":[{"c":true,"i":[[-42.77,0],[0,-6.07],[42.77,0],[0,6.07]],"o":[[42.77,0],[0,6.07],[-42.77,0],[0,-6.07]],"v":[[77.5,0],[155,11],[77.5,22],[0,11]]}],"t":135},{"o":{"x":0,"y":0},"i":{"x":0.58,"y":1},"s":[{"c":true,"i":[[-42.77,0],[0,-6.07],[42.77,0],[0,6.07]],"o":[[42.77,0],[0,6.07],[-42.77,0],[0,-6.07]],"v":[[77.5,0],[155,11],[77.5,22],[0,11]]}],"t":150},{"s":[{"c":true,"i":[[-3.31,0],[0,-0.28],[3.31,0],[0,0.28]],"o":[[3.31,0],[0,0.28],[-3.31,0],[0,-0.28]],"v":[[6,0],[12,0.5],[6,1],[0,0.5]]}],"t":165}]}},{"ty":"fl","bm":0,"hd":false,"nm":"","c":{"a":1,"k":[{"o":{"x":0,"y":0},"i":{"x":0.58,"y":1},"s":[0.1177,0.1177,0.1177],"t":0},{"o":{"x":0,"y":0},"i":{"x":0.58,"y":1},"s":[0.1177,0.1177,0.1177],"t":15},{"o":{"x":0,"y":0},"i":{"x":0.58,"y":1},"s":[0.1177,0.1177,0.1177],"t":30},{"o":{"x":0,"y":0},"i":{"x":0.58,"y":1},"s":[0.1177,0.1177,0.1177],"t":45},{"o":{"x":0,"y":0},"i":{"x":0.58,"y":1},"s":[0.1177,0.1177,0.1177],"t":60},{"o":{"x":0,"y":0},"i":{"x":0.58,"y":1},"s":[0.1177,0.1177,0.1177],"t":75},{"o":{"x":0,"y":0},"i":{"x":0.58,"y":1},"s":[0.1177,0.1177,0.1177],"t":90},{"o":{"x":0,"y":0},"i":{"x":0.58,"y":1},"s":[0.1177,0.1177,0.1177],"t":105},{"o":{"x":0,"y":0},"i":{"x":0.58,"y":1},"s":[0.1177,0.1177,0.1177],"t":120},{"o":{"x":0,"y":0},"i":{"x":0.58,"y":1},"s":[0.1177,0.1177,0.1177],"t":135},{"o":{"x":0,"y":0},"i":{"x":0.58,"y":1},"s":[0.1177,0.1177,0.1177],"t":150},{"s":[0.1177,0.1177,0.1177],"t":165}]},"r":1,"o":{"a":1,"k":[{"o":{"x":0,"y":0},"i":{"x":0.58,"y":1},"s":[0],"t":0},{"o":{"x":0,"y":0},"i":{"x":0.58,"y":1},"s":[100],"t":15},{"o":{"x":0,"y":0},"i":{"x":0.58,"y":1},"s":[100],"t":30},{"o":{"x":0,"y":0},"i":{"x":0.58,"y":1},"s":[100],"t":45},{"o":{"x":0,"y":0},"i":{"x":0.58,"y":1},"s":[100],"t":60},{"o":{"x":0,"y":0},"i":{"x":0.58,"y":1},"s":[100],"t":75},{"o":{"x":0,"y":0},"i":{"x":0.58,"y":1},"s":[100],"t":90},{"o":{"x":0,"y":0},"i":{"x":0.58,"y":1},"s":[100],"t":105},{"o":{"x":0,"y":0},"i":{"x":0.58,"y":1},"s":[100],"t":120},{"o":{"x":0,"y":0},"i":{"x":0.58,"y":1},"s":[100],"t":135},{"o":{"x":0,"y":0},"i":{"x":0.58,"y":1},"s":[100],"t":150},{"s":[100],"t":165}]}}],"ind":3},{"ty":1,"nm":"Background","sr":1,"st":0,"op":166,"ip":0,"hd":false,"ddd":0,"bm":0,"hasMask":false,"ao":0,"ks":{"a":{"a":0,"k":[0,0]},"s":{"a":0,"k":[100,100]},"sk":{"a":0,"k":0},"p":{"a":0,"k":[0,0]},"r":{"a":0,"k":0},"sa":{"a":0,"k":0},"o":{"a":0,"k":100}},"sc":"#ffffff","sh":254,"sw":254,"ind":4}],"v":"5.7.0","fr":30,"op":165,"ip":0,"assets":[]}